{
    "accuracy": [
        0.7267786264419556,
        0.8160408139228821,
        0.8504611253738403,
        0.8703886866569519,
        0.8870223760604858,
        0.9288537502288818,
        0.9555336236953735,
        0.9687088131904602,
        0.9835309386253357,
        0.9873188138008118
    ],
    "loss": [
        0.5607244968414307,
        0.37961849570274353,
        0.32275059819221497,
        0.2823106348514557,
        0.2609347105026245,
        0.17738386988639832,
        0.10892268270254135,
        0.07840590178966522,
        0.046336911618709564,
        0.03714903071522713
    ],
    "val_accuracy": [
        0.7924901247024536,
        0.8339921236038208,
        0.8563899993896484,
        0.886693000793457,
        0.8827404379844666,
        0.9163373112678528,
        0.9288537502288818,
        0.9433465003967285,
        0.9683794379234314,
        0.9584980010986328
    ],
    "val_loss": [
        0.4167153835296631,
        0.3417060077190399,
        0.31434857845306396,
        0.2627721428871155,
        0.26715564727783203,
        0.19049198925495148,
        0.1771652102470398,
        0.16038000583648682,
        0.1143171414732933,
        0.14549867808818817
    ]
}